{
  "crf_full": {
    "O": {
      "precision": 0.974374137591169,
      "recall": 0.9887977595519104,
      "f1": 0.9815329626687848,
      "support": 4999
    },
    "STOP": {
      "precision": 0.888,
      "recall": 0.7735191637630662,
      "f1": 0.8268156424581006,
      "support": 574
    },
    "macro": {
      "precision": 0.9311870687955845,
      "recall": 0.8811584616574883,
      "f1": 0.9041743025634427
    },
    "accuracy": 0.9666247981338597
  },
  "crf_full_cm": {
    "O": {
      "O": 4943,
      "STOP": 56
    },
    "STOP": {
      "O": 130,
      "STOP": 444
    }
  },
  "crf_no_ending": {
    "O": {
      "precision": 0.974374137591169,
      "recall": 0.9887977595519104,
      "f1": 0.9815329626687848,
      "support": 4999
    },
    "STOP": {
      "precision": 0.888,
      "recall": 0.7735191637630662,
      "f1": 0.8268156424581006,
      "support": 574
    },
    "macro": {
      "precision": 0.9311870687955845,
      "recall": 0.8811584616574883,
      "f1": 0.9041743025634427
    },
    "accuracy": 0.9666247981338597
  },
  "mcnemar_ablation": {
    "chi2": 0.0,
    "p_value": 1.0
  },
  "majority": {
    "O": {
      "precision": 0.8970034092948143,
      "recall": 1.0,
      "f1": 0.9457056375331063,
      "support": 4999
    },
    "STOP": {
      "precision": 0.0,
      "recall": 0.0,
      "f1": 0.0,
      "support": 574
    },
    "macro": {
      "precision": 0.44850170464740713,
      "recall": 0.5,
      "f1": 0.47285281876655316
    },
    "accuracy": 0.8970034092948143
  },
  "random": {
    "O": {
      "precision": 0.8976456504389465,
      "recall": 0.8999799959991999,
      "f1": 0.8988113075616821,
      "support": 4999
    },
    "STOP": {
      "precision": 0.10873440285204991,
      "recall": 0.10627177700348432,
      "f1": 0.10748898678414098,
      "support": 574
    },
    "macro": {
      "precision": 0.5031900266454982,
      "recall": 0.503125886501342,
      "f1": 0.5031501471729116
    },
    "accuracy": 0.8182307554279562
  },
  "rule_only": {
    "O": {
      "precision": 0.9324585102277113,
      "recall": 0.9665933186637328,
      "f1": 0.9492191336803851,
      "support": 4999
    },
    "STOP": {
      "precision": 0.5728900255754475,
      "recall": 0.3902439024390244,
      "f1": 0.46424870466321244,
      "support": 574
    },
    "macro": {
      "precision": 0.7526742679015794,
      "recall": 0.6784186105513785,
      "f1": 0.7067339191717987
    },
    "accuracy": 0.9072312937376638
  },
  "bootstrap_ci": {
    "accuracy": {
      "mean": 0.9665666606854477,
      "lower": 0.9616005741970214,
      "upper": 0.9711107123631796
    },
    "f1_stop": {
      "mean": 0.8263505470253361,
      "lower": 0.8014842300556586,
      "upper": 0.8506616257088847
    }
  },
  "learning_curve": [
    {
      "size": 1000,
      "accuracy": 1.0,
      "f1_stop": 1.0,
      "f1_macro": 1.0
    },
    {
      "size": 5000,
      "accuracy": 1.0,
      "f1_stop": 1.0,
      "f1_macro": 1.0
    },
    {
      "size": 5000,
      "accuracy": 1.0,
      "f1_stop": 1.0,
      "f1_macro": 1.0
    }
  ],
  "latency_crf": {
    "mean_ms": 0.03915163048077375,
    "std_ms": 0.00538230149583604,
    "p95_ms": 0.041178500396199524
  },
  "cross_validation": {
    "accuracy_mean": 1.0,
    "accuracy_std": 0.0,
    "f1_stop_mean": 1.0,
    "f1_stop_std": 0.0,
    "folds": [
      {
        "accuracy": 1.0,
        "f1_stop": 1.0
      },
      {
        "accuracy": 1.0,
        "f1_stop": 1.0
      },
      {
        "accuracy": 1.0,
        "f1_stop": 1.0
      },
      {
        "accuracy": 1.0,
        "f1_stop": 1.0
      },
      {
        "accuracy": 1.0,
        "f1_stop": 1.0
      }
    ]
  }
}