{"p_end": {"අලුත්": 9.750390015600624e-05, "අත්තන": 0.0004084967320261438, "මුල්": 8.697921196833956e-05, "කොළ": 0.00010888501742160279, "ගෙන": 0.00010778184953653804, "දෙහි": 0.00033112582781456954, "යුෂ": 5.04693650953871e-05, "බහා": 0.0001498576352465158, "මාසයක්": 0.0009813542688910696, "තබා": 0.00017400382808421786, "ගලපනු": 0.00022972662531587412, "මැනවි": 0.9999227142746735, "නියඟලා": 0.00039761431411530816, "මල්": 0.00011555350127108852, "සහ": 8.564576909900651e-05, "අමු": 9.782821365681862e-05, "කළුදුරු": 0.0004219409282700422, "සමව": 0.00044169611307420494, "මඩවා": 0.00047505938242280285, "මී": 0.00028620492272467084, "පැණි": 0.00028620492272467084, "සමඟ": 3.917727717923604e-05, "ගුණදායක": 0.00022722108611679165, "වේ": 0.9997727789138832, "අශුද්ධ": 9.992006394884092e-05, "තුරීසි": 0.0004222972972972973, "ගෙඩි": 0.00010883761427949499, "පොතු": 8.650519031141868e-05, "කොටා": 0.00015006002400960383, "කෂාය": 0.00011127183709803049, "කර": 3.485656523406183e-05, "ඉඟුරු": 0.00018754688672168043, "පරිහරණය": 0.00023084025854108956, "කරනු": 0.7878733113450503, "පැරණි": 9.930486593843098e-05, "තෛලය": 7.232749891508752e-05, "මිශ්ර": 0.00010979358805445762, "ගල්වනු": 0.00023792529145848205, "ජයපාල": 0.00040016006402561027, "වියළි": 9.83671060397403e-05, "නිවා": 0.0004904364884747426, "උණු": 0.00019892580067634773, "ජලය": 0.0001121830827911151, "ආලේප": 0.0002317497103128621, "අබිං": 0.0004203446826397646, "අස්වගන්ධ": 0.00042918454935622315, "රත්": 0.0005089058524173028, "කාංජිකා": 0.00033090668431502316, "සේවනය": 0.00022763487366264513, "සන්ධි": 0.00035248501938667606, "වේදනාවට": 0.00043554006968641115, "කැකිරි": 0.0027624309392265192, "ඇට": 0.00011133377866844801, "දීම": 8.965393580778196e-05, "යහපති": 0.9999103460641923, "අතීසාරය": 0.0017857142857142857, "සුවපත්": 0.00042069835927639884, "පිණිස": 0.00020885547201336674, "චූර්ණය": 8.97827258035554e-05, "පොඟවා": 0.0004679457182966776, "බඩගින්න": 0.0003386386725364037, "අඩු": 0.0003386386725364037, "වූ": 8.59106529209622e-05, "කල්හි": 7.135721421435707e-05, "ඇදුම": 0.0018248175182481751, "කොත්තමල්ලි": 0.00042052144659377626, "ශෝධනය": 0.00014923145799134458, "කරගනු": 0.9998507685420086, "ශරීරය": 0.00043196544276457883, "දුර්වල": 0.00043196544276457883, "ගම්මිරිස්": 0.00042052144659377626, "ගොම": 0.00032797638570022957, "දියර": 0.00032797638570022957, "තැඹිලි": 0.00033101621979476995, "වතුර": 0.00016423057973394647, "තම්බා": 0.000228675966155957, "වාත": 0.00034746351633078526, "රෝග": 9.358914365933551e-05, "සඳහා": 0.00021362956633198035, "කණේරු": 0.00040306328093510683, "පෙරා": 0.0004873294346978557, "එළඟිතෙල්": 0.0003295978905735003, "දුම්": 0.00022925263640531865, "අල්ලනු": 0.9997707473635947, "ග්රහණි": 0.0017301038062283738, "දෝෂ": 0.0008928571428571428, "රෝගීන්ට": 0.00042625745950554135, "ඔලින්ද": 0.0004035512510088781, "පිත්ත": 0.0002900232018561485, "දෝෂය": 0.000423728813559322, "කෝප": 0.000423728813559322, "ශුද්ධ": 9.822217856792063e-05, "පිරිසිදු": 0.00023337222870478414, "සාදික්කා": 0.0004187604690117253, "කැස්ස": 0.0017301038062283738, "යෙදීම": 0.00022794620469569182, "මනෝසීල": 0.0004014452027298274, "ගුල්ම": 0.001841620626151013, "ඇති": 0.00014287755393627662, "තැන": 0.00043122035360068997, "බින්දු": 0.00023326335432703523, "හෙළනු": 0.999766736645673, "සෙම්": 0.00034518467380048324, "නසනු": 0.000425531914893617, "වස්": 0.0001417836381681554, "ඉරමුසු": 0.0026666666666666666, "අර්ශස්": 0.0018018018018018018, "භාල්ලාතක": 0.00041476565740356696, "කුඹුරු": 0.00034281796366129587, "සූකිරි": 0.0024449877750611247, "පසු": 0.0009615384615384616, "හිස": 0.00033921302578018993, "රුදාව": 0.00033921302578018993, "සූදුරු": 0.0004144218814753419, "ගිතෙල්": 0.00030039050765995795, "බිංකොහොඹ": 0.0027247956403269754, "අලයක්": 0.0003479471120389701, "සතියක්": 0.0009970089730807576, "රාත්රියක්": 0.0009615384615384616, "තිප්පිලි": 0.0004158004158004158, "පුහුල්": 0.002583979328165375, "පානය": 0.00022629554197782303, "කළ": 0.00022629554197782303, "යුතු": 0.00022629554197782303, "යේය": 0.9997737044580222, "ගොඩකදුරු": 0.000423908435777872, "කල්": 0.0009319664492078285, "පඬු": 0.0017985611510791368, "රෝගයෙන්": 0.0004144218814753419, "මිදෙනු": 0.0004144218814753419, "පිපිඤ්ඤා": 0.002583979328165375, "එඬරු": 0.00041407867494824016, "වහාම": 0.0009009009009009009, "නිමා": 0.00022701475595913735, "කුරුඳු": 0.00048426150121065375, "වියළා": 0.00022742779167614282, "ශරීර": 0.00041911148365465214, "දාහය": 0.00041911148365465214, "නිවනු": 0.00041911148365465214, "කර්ණ": 0.0018148820326678765, "වත්සනාභ": 0.0004185851820845542, "කකාරා": 0.0004967709885742673, "සුවය": 0.00023169601482854495, "සලසයි": 0.9997683039851715, "රුධිරය": 0.0004464285714285714, "දූෂ්ය": 0.0004464285714285714, "සදිලිංගම්": 0.00041220115416323167, "අඹරා": 0.00022983222247759135, "බුළු": 0.0026109660574412533, "සිඳුවා": 0.0004764173415912339, "පොල්": 0.0003450655624568668, "කිරි": 0.0003450655624568668, "සමනය": 0.00043084877208099956, "උළුහාල්": 0.0004116920543433512, "වසාවාසි": 0.0003980891719745223, "විෂම": 0.0016806722689075631, "උණ": 0.0008833922261484099, "හිරියල්": 0.0004185851820845542, "අක්ෂි": 0.0018832391713747645, "එළකිරි": 0.00029877502240812666, "නෙල්ලි": 0.0024509803921568627, "මිරිකා": 0.0004780114722753346, "ගෙන්දගම්": 0.00042319085907744394, "මුඛ": 0.0018552875695732839, "වැසි": 0.0003325573661456601, "මොහොතක්": 0.0009363295880149813, "කාස": 0.0017825311942959, "බැද": 0.00047036688617121356, "කරාබුනැටි": 0.00041152263374485596, "බැබිල": 0.0028169014084507044, "කුඩු": 0.00043122035360068997, "වීම": 0.0018867924528301887, "වරා": 0.0004127115146512588, "දින": 0.0009794319294809011, "තුනක්": 0.0009794319294809011, "දියලබු": 0.0028653295128939827, "චර්ම": 0.0018248175182481751, "සර්ප": 0.0003475842891901286, "විෂට": 0.0004278990158322636, "පැය": 0.0009737098344693282, "කිහිපයක්": 0.0009737098344693282, "කෝපය": 0.0018214936247723133, "රසදිය": 0.00039635354736424893, "ගංජා": 0.0004086636697997548, "වේදනාව": 0.0009398496240601503, "කැඳ": 0.0003257328990228013, "විෂ": 0.0018450184501845018, "අපස්මාරය": 0.001841620626151013, "එක්ව": 0.00041999160016799666, "මූර්ඡාව": 0.0019011406844106464, "වමනය": 0.001941747572815534, "අමුක්කරා": 0.0029154518950437317, "රක්ත": 0.0018248175182481751, "ඇඟ": 0.0019120458891013384, "පත": 0.0019120458891013384, "කුෂ්ඨ": 0.0017667844522968198, "වැල්මී": 0.0025575447570332483, "මලබද්ධය": 0.0017006802721088435, "ශ්වාස": 0.001834862385321101, "අරළු": 0.0029411764705882353, "දුම්මැල්ල": 0.002506265664160401, "ප්රමේහ": 0.001941747572815534, "තිත්ත": 0.002967359050445104, "ලබු": 0.002967359050445104, "රසකිඳ": 0.0025974025974025974}, "mean_p_end": 0.08949804382847061}